primer_name,sequence
tcbq_3f_cdh_K_ita_CC,CCAGCCCGCAGACACCCACTTCTACTGCTGCGG
tcbq_3f_cdh_K_ita_CT,CCAGCCCGCAGACACCCACTTCTACTGCTGTGG
tcbq_3f_cdh_K_ita_TC,CCAGCCCGCAGACACCCACTTCTACTGTTGCGG
tcbq_3f_cdh_K_ita_TT,CCAGCCCGCAGACACCCACTTCTACTGTTGTGG
tcbq_3r_cdh_K_ita_ACA,GGTCAGGGTCGCCCTCCAGCACTCCAGTCTCACA
tcbq_3r_cdh_K_ita_ACG,GGTCAGGGTCGCCCTCCAGCACTCCAGTCTCGCA
tcbq_3r_cdh_K_ita_ATA,GGTCAGGGTCGCCCTCCAGCACTCCAGTTTCACA
tcbq_3r_cdh_K_ita_ATG,GGTCAGGGTCGCCCTCCAGCACTCCAGTTTCGCA
tcbq_3r_cdh_K_ita_CCA,GGTCAGGGTCGCCCTCCAGCACTCCCGTCTCACA
tcbq_3r_cdh_K_ita_CCG,GGTCAGGGTCGCCCTCCAGCACTCCCGTCTCGCA
tcbq_3r_cdh_K_ita_CTA,GGTCAGGGTCGCCCTCCAGCACTCCCGTTTCACA
tcbq_3r_cdh_K_ita_CTG,GGTCAGGGTCGCCCTCCAGCACTCCCGTTTCGCA
tcbq_3r_cdh_K_ita_GCA,GGTCAGGGTCGCCCTCCAGCACTCCGGTCTCACA
tcbq_3r_cdh_K_ita_GCG,GGTCAGGGTCGCCCTCCAGCACTCCGGTCTCGCA
tcbq_3r_cdh_K_ita_GTA,GGTCAGGGTCGCCCTCCAGCACTCCGGTTTCACA
tcbq_3r_cdh_K_ita_GTG,GGTCAGGGTCGCCCTCCAGCACTCCGGTTTCGCA
tcbq_3r_cdh_K_ita_TCA,GGTCAGGGTCGCCCTCCAGCACTCCTGTCTCACA
tcbq_3r_cdh_K_ita_TCG,GGTCAGGGTCGCCCTCCAGCACTCCTGTCTCGCA
tcbq_3r_cdh_K_ita_TTA,GGTCAGGGTCGCCCTCCAGCACTCCTGTTTCACA
tcbq_3r_cdh_K_ita_TTG,GGTCAGGGTCGCCCTCCAGCACTCCTGTTTCGCA
tcbq_5f_cdh_U_ita_CA,ACTGCCTGCATTTACAGCTGGCGCTCACATAGA
tcbq_5f_cdh_U_ita_CC,ACTGCCTGCATTTACAGCTGGCGCTCACATCGA
tcbq_5f_cdh_U_ita_CT,ACTGCCTGCATTTACAGCTGGCGCTCACATTGA
tcbq_5f_cdh_U_ita_TA,ACTGCCTGCATTTACAGCTGGCGCTCATATAGA
tcbq_5f_cdh_U_ita_TC,ACTGCCTGCATTTACAGCTGGCGCTCATATCGA
tcbq_5f_cdh_U_ita_TT,ACTGCCTGCATTTACAGCTGGCGCTCATATTGA
tcbq_5r_cdh_U_ita_AAA,CTGCTTCAGTCAGAAACACATCACGATGATCAGG
tcbq_5r_cdh_U_ita_AAC,CTGCTTCAGTCAGAAACACATCACGATGATCCGG
tcbq_5r_cdh_U_ita_AAG,CTGCTTCAGTCAGAAACACATCACGATGATCGGG
tcbq_5r_cdh_U_ita_AAT,CTGCTTCAGTCAGAAACACATCACGATGATCTGG
tcbq_5r_cdh_U_ita_AGA,CTGCTTCAGTCAGAAACACATCACGATGGTCAGG
tcbq_5r_cdh_U_ita_AGC,CTGCTTCAGTCAGAAACACATCACGATGGTCCGG
tcbq_5r_cdh_U_ita_AGG,CTGCTTCAGTCAGAAACACATCACGATGGTCGGG
tcbq_5r_cdh_U_ita_AGT,CTGCTTCAGTCAGAAACACATCACGATGGTCTGG
tcbq_5r_cdh_U_ita_GAA,CTGCTTCAGTCAGAAACACATCACGGTGATCAGG
tcbq_5r_cdh_U_ita_GAC,CTGCTTCAGTCAGAAACACATCACGGTGATCCGG
tcbq_5r_cdh_U_ita_GAG,CTGCTTCAGTCAGAAACACATCACGGTGATCGGG
tcbq_5r_cdh_U_ita_GAT,CTGCTTCAGTCAGAAACACATCACGGTGATCTGG
tcbq_5r_cdh_U_ita_GGA,CTGCTTCAGTCAGAAACACATCACGGTGGTCAGG
tcbq_5r_cdh_U_ita_GGC,CTGCTTCAGTCAGAAACACATCACGGTGGTCCGG
tcbq_5r_cdh_U_ita_GGG,CTGCTTCAGTCAGAAACACATCACGGTGGTCGGG
tcbq_5r_cdh_U_ita_GGT,CTGCTTCAGTCAGAAACACATCACGGTGGTCTGG
tcbq_6f_dgp_K_all_C,CGTGCACACCACGCGCTACG
tcbq_6f_dgp_K_all_G,CGTGCACACCAGGCGCTACG
tcbq_6f_dgp_K_all_T,CGTGCACACCATGCGCTACG
tcbq_6r_dgp_K_all_A,AGCGAATAGCTGCGCACCAGG
tcbq_6r_dgp_K_all_G,AGCGAGTAGCTGCGCACCAGG
tcbq_7f_dgp_K_all_C,GCGTGCACACCACGCGCTAC
tcbq_7f_dgp_K_all_G,GCGTGCACACCAGGCGCTAC
tcbq_7f_dgp_K_all_T,GCGTGCACACCATGCGCTAC
tcbq_7r_dgp_K_all_A,GCGAATAGCTGCGCACCAGG
tcbq_7r_dgp_K_all_G,GCGAGTAGCTGCGCACCAGG
